product_id,sku,product_name,category,brand,price,cost,stock,created_at
PROD00001,SKU-MOD-00001,Producto Moda 00001,Moda,Nexum,23270.16,15599.06,268,2025-03-07 05:18:58
PROD00002,SKU-BEL-00002,Producto Belleza 00002,Belleza,Nova,11732.07,9004.63,244,2025-08-22 07:44:10
PROD00003,SKU-MOD-00003,Producto Moda 00003,Moda,Orion,24605.45,18848.17,430,2025-07-13 03:14:14
PROD00004,SKU-JUG-00004,Producto Juguetes 00004,Juguetes,Nova,7422.27,4771.39,469,2025-02-05 00:37:47
PROD00005,SKU-HOG-00005,Producto Hogar 00005,Hogar,Zenda,12790.76,6178.83,338,2026-03-18 13:12:06
PROD00006,SKU-BEL-00006,Producto Belleza 00006,Belleza,Nexum,8918.67,4268.65,257,2025-01-13 15:16:13
PROD00007,SKU-HOG-00007,Producto Hogar 00007,Hogar,Zenda,18525.88,9500.87,93,2025-11-02 05:15:20
PROD00008,SKU-ELE-00008,Producto Electrónica 00008,Electrónica,Orion,2128.1,1179.34,300,2025-12-20 09:46:48
PROD00009,SKU-LIB-00009,Producto Libros 00009,Libros,Kronos,15614.07,8891.7,470,2025-05-26 09:30:24
PROD00010,SKU-DEP-00010,Producto Deportes 00010,Deportes,Orion,4667.93,3705.24,132,2025-03-24 14:08:49
PROD00011,SKU-JUG-00011,Producto Juguetes 00011,Juguetes,Nova,13382.68,7872.05,6,2025-05-14 09:22:44
PROD00012,SKU-LIB-00012,Producto Libros 00012,Libros,Zenda,11531.07,8695.27,494,2026-04-13 11:59:42
PROD00013,SKU-LIB-00013,Producto Libros 00013,Libros,Sierra,7604.86,6014.48,184,2025-11-03 19:16:55
PROD00014,SKU-BEL-00014,Producto Belleza 00014,Belleza,Aztek,2236.5,1017.29,57,2025-01-13 08:07:20
PROD00015,SKU-DEP-00015,Producto Deportes 00015,Deportes,Aztek,21482.35,13284.49,74,2025-07-07 19:06:35
PROD00016,SKU-JUG-00016,Producto Juguetes 00016,Juguetes,Sierra,21060.14,15300.28,97,2025-03-08 20:54:00
PROD00017,SKU-BEL-00017,Producto Belleza 00017,Belleza,Aztek,19254.54,11858.8,11,2025-04-01 10:56:59
PROD00018,SKU-MOD-00018,Producto Moda 00018,Moda,Orion,22565.26,15703.38,493,2026-01-12 17:55:42
PROD00019,SKU-LIB-00019,Producto Libros 00019,Libros,Zenda,539.71,353.42,103,2025-08-18 00:03:20
PROD00020,SKU-JUG-00020,Producto Juguetes 00020,Juguetes,Nova,1320.51,641.68,433,2025-12-02 09:06:38
PROD00021,SKU-JUG-00021,Producto Juguetes 00021,Juguetes,Orion,21222.98,13848.66,374,2026-03-07 12:59:06
PROD00022,SKU-BEL-00022,Producto Belleza 00022,Belleza,Zenda,973.58,603.75,302,2026-04-20 23:05:54
PROD00023,SKU-LIB-00023,Producto Libros 00023,Libros,Nova,5836.05,3705.36,216,2026-03-24 16:56:14
PROD00024,SKU-AUT-00024,Producto Autos 00024,Autos,Kronos,13853.73,10563.57,213,2026-01-03 15:39:33
PROD00025,SKU-HOG-00025,Producto Hogar 00025,Hogar,Orion,12394.98,7082.09,357,2025-12-05 19:55:00
PROD00026,SKU-ELE-00026,Producto Electrónica 00026,Electrónica,Orion,4075.27,2108.02,176,2025-12-07 06:58:30
PROD00027,SKU-DEP-00027,Producto Deportes 00027,Deportes,Nexum,12715.52,9767.74,173,2026-04-13 15:57:35
PROD00028,SKU-LIB-00028,Producto Libros 00028,Libros,Kronos,3322.41,2335.81,199,2025-11-20 18:51:13
PROD00029,SKU-AUT-00029,Producto Autos 00029,Autos,Sierra,19909.52,15725.13,82,2026-04-28 23:58:55
PROD00030,SKU-DEP-00030,Producto Deportes 00030,Deportes,Orion,7097.31,3407.9,247,2025-04-11 06:32:03
PROD00031,SKU-MOD-00031,Producto Moda 00031,Moda,Nexum,5027.13,3128.21,406,2025-11-20 02:30:37
PROD00032,SKU-LIB-00032,Producto Libros 00032,Libros,Aztek,7626.11,4918.01,9,2025-10-06 16:16:11
PROD00033,SKU-BEL-00033,Producto Belleza 00033,Belleza,Aztek,8958.24,4579.01,440,2026-01-27 01:31:37
PROD00034,SKU-ELE-00034,Producto Electrónica 00034,Electrónica,Kronos,20180.05,12122.5,316,2025-06-26 01:48:45
PROD00035,SKU-HOG-00035,Producto Hogar 00035,Hogar,Zenda,14071.44,7601.92,174,2025-10-03 22:10:18
PROD00036,SKU-ELE-00036,Producto Electrónica 00036,Electrónica,Nexum,19263.87,10472.26,77,2026-02-05 07:31:05
PROD00037,SKU-HOG-00037,Producto Hogar 00037,Hogar,Zenda,17674.8,12896.34,492,2025-03-28 03:54:02
PROD00038,SKU-HOG-00038,Producto Hogar 00038,Hogar,Nexum,19552.23,14151.02,485,2025-03-21 02:57:28
PROD00039,SKU-ELE-00039,Producto Electrónica 00039,Electrónica,Aztek,12707.28,8519.9,445,2025-06-09 12:40:36
PROD00040,SKU-AUT-00040,Producto Autos 00040,Autos,Kronos,3967.96,2769.07,390,2026-01-28 22:35:47
PROD00041,SKU-LIB-00041,Producto Libros 00041,Libros,Nova,18327.17,9236.96,186,2025-09-17 21:32:10
PROD00042,SKU-MOD-00042,Producto Moda 00042,Moda,Aztek,3118.44,1882.56,212,2025-01-06 02:48:04
PROD00043,SKU-DEP-00043,Producto Deportes 00043,Deportes,Zenda,20878.59,11889.56,258,2025-05-14 00:33:04
PROD00044,SKU-HOG-00044,Producto Hogar 00044,Hogar,Orion,6687.09,4775.89,184,2026-05-04 21:37:10
PROD00045,SKU-DEP-00045,Producto Deportes 00045,Deportes,Sierra,3832.7,2435.21,403,2025-06-27 05:37:15
PROD00046,SKU-MOD-00046,Producto Moda 00046,Moda,Zenda,20054.13,15467.89,459,2025-12-23 07:46:36
PROD00047,SKU-AUT-00047,Producto Autos 00047,Autos,Zenda,23596.32,11820.68,5,2026-02-06 20:04:43
PROD00048,SKU-HOG-00048,Producto Hogar 00048,Hogar,Kronos,2165.22,1278.73,395,2025-05-08 15:14:02
PROD00049,SKU-JUG-00049,Producto Juguetes 00049,Juguetes,Sierra,1583.63,733.19,472,2026-05-14 05:47:18
PROD00050,SKU-MOD-00050,Producto Moda 00050,Moda,Nova,22567.65,17878.24,365,2026-02-08 17:22:15
PROD00051,SKU-BEL-00051,Producto Belleza 00051,Belleza,Orion,10511.67,7308.52,447,2025-08-25 08:59:32
PROD00052,SKU-AUT-00052,Producto Autos 00052,Autos,Nova,22735.31,16811.65,460,2026-02-14 22:45:03
PROD00053,SKU-MOD-00053,Producto Moda 00053,Moda,Zenda,17522.36,11833.86,454,2026-02-27 20:49:22
PROD00054,SKU-LIB-00054,Producto Libros 00054,Libros,Sierra,17451.9,12627.27,207,2025-06-03 05:51:33
PROD00055,SKU-BEL-00055,Producto Belleza 00055,Belleza,Nexum,2152.81,1220.8,371,2025-04-08 20:54:55
PROD00056,SKU-BEL-00056,Producto Belleza 00056,Belleza,Nexum,5382.68,3461.74,266,2025-09-22 15:16:25
PROD00057,SKU-MOD-00057,Producto Moda 00057,Moda,Sierra,634.37,405.35,132,2025-07-07 10:53:58
PROD00058,SKU-BEL-00058,Producto Belleza 00058,Belleza,Nexum,18176.41,8881.99,30,2025-10-17 16:49:48
PROD00059,SKU-BEL-00059,Producto Belleza 00059,Belleza,Kronos,15693.39,7742.09,387,2025-04-07 21:30:17
PROD00060,SKU-LIB-00060,Producto Libros 00060,Libros,Orion,7484.13,3381.51,173,2025-07-03 09:10:23
PROD00061,SKU-DEP-00061,Producto Deportes 00061,Deportes,Kronos,8790.91,6007.91,417,2026-03-21 21:07:37
PROD00062,SKU-MOD-00062,Producto Moda 00062,Moda,Nexum,17873.06,12656.44,53,2025-09-12 15:30:37
PROD00063,SKU-DEP-00063,Producto Deportes 00063,Deportes,Kronos,20579.93,12533.35,75,2025-11-27 15:28:35
PROD00064,SKU-JUG-00064,Producto Juguetes 00064,Juguetes,Nova,2094.58,1254.05,66,2026-01-05 22:00:02
PROD00065,SKU-DEP-00065,Producto Deportes 00065,Deportes,Kronos,11181.79,7680.64,206,2026-04-02 21:34:41
PROD00066,SKU-JUG-00066,Producto Juguetes 00066,Juguetes,Nexum,21806.77,13620.28,216,2025-12-08 19:41:05
PROD00067,SKU-LIB-00067,Producto Libros 00067,Libros,Zenda,18306.34,13516.2,73,2026-01-28 20:31:56
PROD00068,SKU-MOD-00068,Producto Moda 00068,Moda,Zenda,12144.87,6015.17,360,2026-02-03 14:28:14
PROD00069,SKU-HOG-00069,Producto Hogar 00069,Hogar,Zenda,17377.04,10698.6,382,2025-05-02 19:42:13
PROD00070,SKU-AUT-00070,Producto Autos 00070,Autos,Nova,23046.35,15223.5,209,2025-03-27 16:48:54
PROD00071,SKU-HOG-00071,Producto Hogar 00071,Hogar,Kronos,9271.17,4302.74,78,2025-04-02 10:52:26
PROD00072,SKU-AUT-00072,Producto Autos 00072,Autos,Kronos,7657.87,4258.86,248,2025-01-22 17:32:37
PROD00073,SKU-MOD-00073,Producto Moda 00073,Moda,Nexum,3596.39,2149.26,479,2025-08-26 00:40:06
PROD00074,SKU-BEL-00074,Producto Belleza 00074,Belleza,Sierra,5428.76,3848.35,1,2025-04-06 00:21:26
PROD00075,SKU-AUT-00075,Producto Autos 00075,Autos,Nova,1735.74,1034.76,293,2025-08-29 13:15:41
PROD00076,SKU-LIB-00076,Producto Libros 00076,Libros,Sierra,22512.17,13103.37,427,2026-04-16 11:14:50
PROD00077,SKU-MOD-00077,Producto Moda 00077,Moda,Nexum,19060.68,12823.28,389,2025-12-16 11:17:30
PROD00078,SKU-LIB-00078,Producto Libros 00078,Libros,Orion,3767.12,2124.0,409,2026-05-01 06:33:53
PROD00079,SKU-JUG-00079,Producto Juguetes 00079,Juguetes,Zenda,9711.52,5522.45,23,2025-12-11 03:54:42
PROD00080,SKU-BEL-00080,Producto Belleza 00080,Belleza,Sierra,16165.62,8211.57,12,2026-03-21 06:45:20
PROD00081,SKU-BEL-00081,Producto Belleza 00081,Belleza,Nova,14048.06,9487.64,43,2025-05-30 11:05:39
PROD00082,SKU-ELE-00082,Producto Electrónica 00082,Electrónica,Nexum,23934.46,12357.09,243,2026-01-26 09:51:58
PROD00083,SKU-ELE-00083,Producto Electrónica 00083,Electrónica,Nexum,3051.07,1564.92,9,2025-08-02 13:40:22
PROD00084,SKU-DEP-00084,Producto Deportes 00084,Deportes,Orion,6169.9,4588.07,296,2025-12-12 01:02:15
PROD00085,SKU-HOG-00085,Producto Hogar 00085,Hogar,Nexum,20182.68,11345.71,301,2025-02-04 22:33:21
PROD00086,SKU-LIB-00086,Producto Libros 00086,Libros,Nova,21556.26,12265.18,92,2025-11-19 06:58:32
PROD00087,SKU-ELE-00087,Producto Electrónica 00087,Electrónica,Kronos,21498.23,12548.6,46,2025-03-31 01:07:50
PROD00088,SKU-HOG-00088,Producto Hogar 00088,Hogar,Kronos,13567.39,6789.28,130,2025-03-11 14:47:51
PROD00089,SKU-MOD-00089,Producto Moda 00089,Moda,Zenda,7704.52,5296.96,30,2026-04-23 06:39:07
PROD00090,SKU-AUT-00090,Producto Autos 00090,Autos,Orion,4577.37,2153.54,199,2025-03-18 16:43:32
PROD00091,SKU-AUT-00091,Producto Autos 00091,Autos,Kronos,3604.39,1947.37,482,2025-04-04 22:58:28
PROD00092,SKU-ELE-00092,Producto Electrónica 00092,Electrónica,Sierra,5103.86,3363.2,121,2026-01-18 21:48:10
PROD00093,SKU-JUG-00093,Producto Juguetes 00093,Juguetes,Kronos,23736.46,11185.12,237,2026-03-06 14:55:27
PROD00094,SKU-JUG-00094,Producto Juguetes 00094,Juguetes,Nova,1683.18,997.49,119,2025-01-15 11:09:17
PROD00095,SKU-BEL-00095,Producto Belleza 00095,Belleza,Nexum,13874.18,9521.63,126,2026-03-07 20:29:46
PROD00096,SKU-MOD-00096,Producto Moda 00096,Moda,Zenda,7650.09,4636.67,433,2026-05-09 20:09:08
PROD00097,SKU-DEP-00097,Producto Deportes 00097,Deportes,Aztek,19582.9,11370.94,86,2025-07-10 10:08:28
PROD00098,SKU-JUG-00098,Producto Juguetes 00098,Juguetes,Nexum,24035.74,14616.37,0,2025-12-27 21:44:31
PROD00099,SKU-BEL-00099,Producto Belleza 00099,Belleza,Aztek,16343.82,7357.82,477,2026-01-10 12:36:12
PROD00100,SKU-BEL-00100,Producto Belleza 00100,Belleza,Sierra,14966.8,10297.15,179,2026-05-07 01:11:29
PROD00101,SKU-DEP-00101,Producto Deportes 00101,Deportes,Nexum,14649.72,8034.77,82,2026-02-19 20:08:45
PROD00102,SKU-HOG-00102,Producto Hogar 00102,Hogar,Zenda,7550.93,5243.75,425,2025-04-19 11:16:10
PROD00103,SKU-BEL-00103,Producto Belleza 00103,Belleza,Aztek,21963.07,14575.92,490,2025-09-05 05:36:55
PROD00104,SKU-AUT-00104,Producto Autos 00104,Autos,Sierra,15897.49,11091.9,139,2025-07-11 00:26:07
PROD00105,SKU-AUT-00105,Producto Autos 00105,Autos,Zenda,8573.66,6735.87,168,2025-01-13 07:55:27
PROD00106,SKU-MOD-00106,Producto Moda 00106,Moda,Nova,16178.76,10727.74,2,2025-01-08 10:33:29
PROD00107,SKU-MOD-00107,Producto Moda 00107,Moda,Orion,10358.42,7211.06,390,2025-11-02 02:09:23
PROD00108,SKU-HOG-00108,Producto Hogar 00108,Hogar,Orion,19693.27,13350.92,275,2025-01-25 00:54:12
PROD00109,SKU-LIB-00109,Producto Libros 00109,Libros,Kronos,16822.54,13293.4,192,2026-04-13 01:14:49
PROD00110,SKU-AUT-00110,Producto Autos 00110,Autos,Sierra,9699.44,6971.84,356,2025-01-07 13:10:20
PROD00111,SKU-HOG-00111,Producto Hogar 00111,Hogar,Aztek,11594.18,7021.46,113,2025-01-16 08:45:25
PROD00112,SKU-BEL-00112,Producto Belleza 00112,Belleza,Orion,17029.83,9796.19,46,2026-04-22 11:24:03
PROD00113,SKU-BEL-00113,Producto Belleza 00113,Belleza,Aztek,20219.94,10756.81,252,2025-10-09 22:47:42
PROD00114,SKU-ELE-00114,Producto Electrónica 00114,Electrónica,Orion,7054.87,4920.34,107,2025-01-06 13:00:48
PROD00115,SKU-DEP-00115,Producto Deportes 00115,Deportes,Orion,24607.38,14484.65,445,2025-08-04 10:07:59
PROD00116,SKU-LIB-00116,Producto Libros 00116,Libros,Aztek,4303.4,2930.37,289,2026-04-14 08:13:22
PROD00117,SKU-MOD-00117,Producto Moda 00117,Moda,Aztek,1680.75,1195.17,65,2025-07-21 15:45:03
PROD00118,SKU-DEP-00118,Producto Deportes 00118,Deportes,Orion,22031.03,15945.81,98,2025-01-18 22:56:29
PROD00119,SKU-BEL-00119,Producto Belleza 00119,Belleza,Zenda,17032.97,7676.49,218,2026-05-13 20:28:39
PROD00120,SKU-ELE-00120,Producto Electrónica 00120,Electrónica,Kronos,21353.8,12842.0,208,2025-08-01 20:23:37
PROD00121,SKU-HOG-00121,Producto Hogar 00121,Hogar,Zenda,17020.33,10611.34,264,2025-02-03 18:14:24
PROD00122,SKU-DEP-00122,Producto Deportes 00122,Deportes,Zenda,1221.77,777.47,161,2025-01-05 00:10:33
PROD00123,SKU-JUG-00123,Producto Juguetes 00123,Juguetes,Nova,4905.47,3718.52,413,2025-01-20 16:58:01
PROD00124,SKU-DEP-00124,Producto Deportes 00124,Deportes,Zenda,24453.49,19201.41,469,2025-07-14 04:02:33
PROD00125,SKU-DEP-00125,Producto Deportes 00125,Deportes,Kronos,4153.82,1960.58,320,2025-03-17 03:06:18
PROD00126,SKU-ELE-00126,Producto Electrónica 00126,Electrónica,Sierra,12025.16,5512.43,408,2026-05-02 11:01:27
PROD00127,SKU-AUT-00127,Producto Autos 00127,Autos,Aztek,21020.66,10252.71,122,2025-09-22 17:00:32
PROD00128,SKU-ELE-00128,Producto Electrónica 00128,Electrónica,Nexum,20549.76,14958.97,483,2025-02-26 15:09:23
PROD00129,SKU-LIB-00129,Producto Libros 00129,Libros,Orion,19114.26,11588.2,63,2025-03-08 10:28:56
PROD00130,SKU-ELE-00130,Producto Electrónica 00130,Electrónica,Zenda,22922.02,12828.26,434,2025-02-20 12:12:49
PROD00131,SKU-MOD-00131,Producto Moda 00131,Moda,Sierra,1596.96,965.64,154,2026-04-20 08:59:36
PROD00132,SKU-JUG-00132,Producto Juguetes 00132,Juguetes,Orion,1691.47,794.19,26,2025-08-18 01:38:49
PROD00133,SKU-JUG-00133,Producto Juguetes 00133,Juguetes,Nexum,10071.99,7183.21,119,2026-04-11 16:54:14
PROD00134,SKU-ELE-00134,Producto Electrónica 00134,Electrónica,Zenda,11362.61,8275.48,450,2026-04-27 17:33:55
PROD00135,SKU-HOG-00135,Producto Hogar 00135,Hogar,Orion,8523.43,6171.18,232,2026-02-06 17:32:49
PROD00136,SKU-AUT-00136,Producto Autos 00136,Autos,Nova,14715.94,7151.08,304,2025-02-22 11:07:12
PROD00137,SKU-DEP-00137,Producto Deportes 00137,Deportes,Aztek,22614.03,15220.99,131,2025-10-04 00:58:20
PROD00138,SKU-JUG-00138,Producto Juguetes 00138,Juguetes,Nexum,12060.91,7304.31,124,2025-04-17 22:24:18
PROD00139,SKU-ELE-00139,Producto Electrónica 00139,Electrónica,Kronos,1559.26,1020.66,262,2025-10-05 20:49:29
PROD00140,SKU-BEL-00140,Producto Belleza 00140,Belleza,Nexum,14612.46,10541.77,75,2025-12-31 16:33:26
PROD00141,SKU-BEL-00141,Producto Belleza 00141,Belleza,Kronos,15103.07,8746.04,4,2026-02-07 02:15:56
PROD00142,SKU-MOD-00142,Producto Moda 00142,Moda,Nexum,1480.08,1090.4,286,2025-02-12 09:57:13
PROD00143,SKU-JUG-00143,Producto Juguetes 00143,Juguetes,Aztek,8628.21,5817.09,103,2025-02-23 03:08:19
PROD00144,SKU-AUT-00144,Producto Autos 00144,Autos,Zenda,4774.42,3309.5,239,2026-04-11 20:22:46
PROD00145,SKU-AUT-00145,Producto Autos 00145,Autos,Nexum,21307.62,16770.65,315,2025-08-21 17:32:15
PROD00146,SKU-JUG-00146,Producto Juguetes 00146,Juguetes,Nova,8249.05,5023.72,404,2025-02-02 18:31:07
PROD00147,SKU-LIB-00147,Producto Libros 00147,Libros,Nova,5524.18,3720.91,354,2025-06-28 20:37:07
PROD00148,SKU-LIB-00148,Producto Libros 00148,Libros,Aztek,15616.8,9655.26,393,2025-09-15 11:53:22
PROD00149,SKU-JUG-00149,Producto Juguetes 00149,Juguetes,Aztek,5172.64,3823.25,3,2025-10-09 19:24:06
PROD00150,SKU-ELE-00150,Producto Electrónica 00150,Electrónica,Nova,1889.59,1217.16,72,2025-08-14 16:43:59
PROD00151,SKU-LIB-00151,Producto Libros 00151,Libros,Nexum,4900.37,3770.58,184,2025-02-04 02:26:42
PROD00152,SKU-ELE-00152,Producto Electrónica 00152,Electrónica,Kronos,5018.12,2564.02,453,2025-07-23 12:00:45
PROD00153,SKU-MOD-00153,Producto Moda 00153,Moda,Nexum,8528.45,4572.0,100,2025-01-17 16:38:25
PROD00154,SKU-MOD-00154,Producto Moda 00154,Moda,Nova,21079.89,9640.84,346,2025-04-17 14:24:17
PROD00155,SKU-JUG-00155,Producto Juguetes 00155,Juguetes,Nova,16388.99,9316.06,107,2025-08-25 22:57:40
PROD00156,SKU-LIB-00156,Producto Libros 00156,Libros,Sierra,6041.74,3506.16,87,2026-02-14 06:37:34
PROD00157,SKU-JUG-00157,Producto Juguetes 00157,Juguetes,Nova,21965.78,10795.58,451,2025-04-12 14:11:22
PROD00158,SKU-DEP-00158,Producto Deportes 00158,Deportes,Zenda,4832.45,3349.0,162,2026-04-11 16:24:23
PROD00159,SKU-JUG-00159,Producto Juguetes 00159,Juguetes,Aztek,24425.69,18865.3,390,2026-04-24 11:35:39
PROD00160,SKU-DEP-00160,Producto Deportes 00160,Deportes,Kronos,21368.16,15520.89,167,2025-07-11 23:36:48
PROD00161,SKU-ELE-00161,Producto Electrónica 00161,Electrónica,Kronos,15755.01,11902.88,435,2026-01-30 18:49:47
PROD00162,SKU-LIB-00162,Producto Libros 00162,Libros,Nova,5270.48,3819.16,404,2026-04-23 14:18:51
PROD00163,SKU-HOG-00163,Producto Hogar 00163,Hogar,Zenda,4227.47,3014.01,330,2026-01-31 11:24:09
PROD00164,SKU-AUT-00164,Producto Autos 00164,Autos,Zenda,12489.77,6402.87,364,2025-10-18 09:36:16
PROD00165,SKU-LIB-00165,Producto Libros 00165,Libros,Zenda,17905.46,11026.46,297,2025-11-08 10:10:35
PROD00166,SKU-ELE-00166,Producto Electrónica 00166,Electrónica,Aztek,5219.63,3174.73,120,2025-11-04 12:06:37
PROD00167,SKU-DEP-00167,Producto Deportes 00167,Deportes,Zenda,7684.68,4994.89,478,2025-10-18 13:51:59
PROD00168,SKU-BEL-00168,Producto Belleza 00168,Belleza,Aztek,13786.27,9830.55,151,2025-12-12 06:10:46
PROD00169,SKU-AUT-00169,Producto Autos 00169,Autos,Nova,5792.93,3550.13,318,2025-09-19 06:27:55
PROD00170,SKU-JUG-00170,Producto Juguetes 00170,Juguetes,Zenda,11306.22,6706.1,411,2026-01-22 10:52:29
PROD00171,SKU-AUT-00171,Producto Autos 00171,Autos,Nova,6861.84,3519.08,119,2025-07-26 07:36:23
PROD00172,SKU-HOG-00172,Producto Hogar 00172,Hogar,Nova,9009.37,4982.91,256,2026-02-03 07:07:00
PROD00173,SKU-HOG-00173,Producto Hogar 00173,Hogar,Aztek,19657.54,9522.96,36,2025-10-07 19:18:08
PROD00174,SKU-ELE-00174,Producto Electrónica 00174,Electrónica,Kronos,13673.35,7094.09,168,2025-07-14 04:46:42
PROD00175,SKU-BEL-00175,Producto Belleza 00175,Belleza,Sierra,18643.02,12849.49,140,2025-05-29 01:49:57
PROD00176,SKU-MOD-00176,Producto Moda 00176,Moda,Sierra,24960.21,17488.74,278,2025-07-22 19:55:03
PROD00177,SKU-ELE-00177,Producto Electrónica 00177,Electrónica,Kronos,19263.4,14212.69,400,2025-11-10 15:35:06
PROD00178,SKU-JUG-00178,Producto Juguetes 00178,Juguetes,Sierra,20555.44,13964.5,241,2026-02-03 04:25:55
PROD00179,SKU-MOD-00179,Producto Moda 00179,Moda,Aztek,21643.38,11458.53,383,2025-06-13 00:21:14
PROD00180,SKU-LIB-00180,Producto Libros 00180,Libros,Nexum,5881.39,4264.54,387,2025-12-31 01:54:56
PROD00181,SKU-LIB-00181,Producto Libros 00181,Libros,Nova,8549.46,4784.07,96,2025-11-30 01:16:49
PROD00182,SKU-JUG-00182,Producto Juguetes 00182,Juguetes,Zenda,5279.14,3951.6,15,2025-10-19 00:55:02
PROD00183,SKU-MOD-00183,Producto Moda 00183,Moda,Aztek,14458.84,8052.85,377,2025-01-08 12:28:11
PROD00184,SKU-LIB-00184,Producto Libros 00184,Libros,Sierra,20269.51,11637.37,115,2025-11-22 13:28:20
PROD00185,SKU-JUG-00185,Producto Juguetes 00185,Juguetes,Zenda,17159.78,12303.47,353,2026-02-22 13:39:54
PROD00186,SKU-BEL-00186,Producto Belleza 00186,Belleza,Nova,8185.68,5309.66,16,2025-04-19 01:39:34
PROD00187,SKU-MOD-00187,Producto Moda 00187,Moda,Kronos,24432.22,15853.26,409,2026-04-14 08:47:11
PROD00188,SKU-JUG-00188,Producto Juguetes 00188,Juguetes,Aztek,24505.29,19164.18,32,2026-02-20 03:37:35
PROD00189,SKU-JUG-00189,Producto Juguetes 00189,Juguetes,Nova,4749.05,2683.66,492,2025-12-17 17:13:42
PROD00190,SKU-BEL-00190,Producto Belleza 00190,Belleza,Nova,2376.38,1630.7,90,2025-01-25 21:37:33
PROD00191,SKU-LIB-00191,Producto Libros 00191,Libros,Aztek,719.62,341.33,493,2025-10-27 17:35:15
PROD00192,SKU-BEL-00192,Producto Belleza 00192,Belleza,Kronos,5187.01,3531.57,35,2025-12-20 03:32:43
PROD00193,SKU-ELE-00193,Producto Electrónica 00193,Electrónica,Nova,9247.87,4717.7,440,2025-11-16 03:00:30
PROD00194,SKU-JUG-00194,Producto Juguetes 00194,Juguetes,Nova,3968.03,1964.96,214,2026-01-07 11:14:50
PROD00195,SKU-HOG-00195,Producto Hogar 00195,Hogar,Sierra,9755.37,5094.92,445,2025-06-09 18:05:50
PROD00196,SKU-BEL-00196,Producto Belleza 00196,Belleza,Orion,10833.41,7395.72,81,2026-04-14 21:57:35
PROD00197,SKU-BEL-00197,Producto Belleza 00197,Belleza,Nexum,14707.92,10308.34,234,2025-08-02 22:35:31
PROD00198,SKU-DEP-00198,Producto Deportes 00198,Deportes,Aztek,235.71,142.84,422,2025-11-07 02:18:55
PROD00199,SKU-DEP-00199,Producto Deportes 00199,Deportes,Nexum,13170.12,9979.44,235,2025-12-26 09:16:06
PROD00200,SKU-ELE-00200,Producto Electrónica 00200,Electrónica,Kronos,18445.4,12472.87,470,2025-12-21 10:10:19
PROD00201,SKU-AUT-00201,Producto Autos 00201,Autos,Orion,17522.9,12744.78,200,2026-04-22 03:39:39
PROD00202,SKU-MOD-00202,Producto Moda 00202,Moda,Aztek,10405.57,7960.13,375,2025-12-02 14:29:30
PROD00203,SKU-LIB-00203,Producto Libros 00203,Libros,Orion,9647.39,4960.74,291,2025-03-16 04:53:09
PROD00204,SKU-JUG-00204,Producto Juguetes 00204,Juguetes,Nova,17481.19,9333.09,445,2025-05-03 16:04:12
PROD00205,SKU-BEL-00205,Producto Belleza 00205,Belleza,Nexum,22069.77,12186.07,469,2025-02-21 20:11:44
PROD00206,SKU-DEP-00206,Producto Deportes 00206,Deportes,Zenda,22722.97,18117.85,283,2025-04-05 03:54:09
PROD00207,SKU-AUT-00207,Producto Autos 00207,Autos,Nova,1959.51,1227.71,399,2025-09-11 05:19:31
PROD00208,SKU-JUG-00208,Producto Juguetes 00208,Juguetes,Kronos,11300.85,5905.6,22,2025-12-25 23:25:35
PROD00209,SKU-ELE-00209,Producto Electrónica 00209,Electrónica,Orion,1876.23,1287.97,236,2025-10-24 01:15:17
PROD00210,SKU-AUT-00210,Producto Autos 00210,Autos,Sierra,18661.64,9667.5,19,2025-01-09 08:09:32
PROD00211,SKU-BEL-00211,Producto Belleza 00211,Belleza,Aztek,2911.33,1643.41,383,2025-12-27 14:09:51
PROD00212,SKU-LIB-00212,Producto Libros 00212,Libros,Nova,11560.86,7421.49,124,2025-12-06 23:45:37
PROD00213,SKU-MOD-00213,Producto Moda 00213,Moda,Kronos,11796.15,8782.79,87,2025-01-15 00:46:37
PROD00214,SKU-HOG-00214,Producto Hogar 00214,Hogar,Nova,4472.05,2849.27,200,2025-05-11 20:11:54
PROD00215,SKU-HOG-00215,Producto Hogar 00215,Hogar,Nova,16801.23,11543.86,78,2025-12-09 06:27:37
PROD00216,SKU-AUT-00216,Producto Autos 00216,Autos,Orion,4489.61,2074.45,345,2026-02-18 10:46:08
PROD00217,SKU-DEP-00217,Producto Deportes 00217,Deportes,Nova,11079.35,8229.47,415,2026-02-11 03:05:11
PROD00218,SKU-HOG-00218,Producto Hogar 00218,Hogar,Kronos,9795.93,5930.41,306,2025-01-04 14:58:32
PROD00219,SKU-ELE-00219,Producto Electrónica 00219,Electrónica,Sierra,19321.62,10059.0,127,2025-10-18 23:53:00
PROD00220,SKU-DEP-00220,Producto Deportes 00220,Deportes,Nova,5039.64,3011.63,7,2025-09-19 20:18:34
PROD00221,SKU-DEP-00221,Producto Deportes 00221,Deportes,Nova,17014.99,8970.28,451,2025-03-17 00:48:51
PROD00222,SKU-MOD-00222,Producto Moda 00222,Moda,Nova,18114.09,10786.72,55,2025-09-12 02:21:32
PROD00223,SKU-AUT-00223,Producto Autos 00223,Autos,Aztek,14073.25,9409.88,478,2026-02-25 18:04:09
PROD00224,SKU-JUG-00224,Producto Juguetes 00224,Juguetes,Nova,23476.13,12473.87,54,2025-10-04 23:03:52
PROD00225,SKU-AUT-00225,Producto Autos 00225,Autos,Zenda,4381.86,2974.83,6,2025-10-30 06:57:54
PROD00226,SKU-DEP-00226,Producto Deportes 00226,Deportes,Nova,11496.46,7820.89,142,2026-04-30 14:30:50
PROD00227,SKU-AUT-00227,Producto Autos 00227,Autos,Aztek,1146.28,680.76,392,2026-04-11 03:43:44
PROD00228,SKU-LIB-00228,Producto Libros 00228,Libros,Nova,24578.41,17189.79,405,2026-03-19 02:45:05
PROD00229,SKU-MOD-00229,Producto Moda 00229,Moda,Nova,6335.91,4181.41,323,2025-10-29 19:23:05
PROD00230,SKU-MOD-00230,Producto Moda 00230,Moda,Orion,8334.56,5972.55,352,2025-09-04 23:20:02
PROD00231,SKU-LIB-00231,Producto Libros 00231,Libros,Nova,1734.46,1149.92,299,2025-12-15 16:19:05
PROD00232,SKU-JUG-00232,Producto Juguetes 00232,Juguetes,Orion,12800.1,6801.32,300,2025-01-11 07:46:29
PROD00233,SKU-DEP-00233,Producto Deportes 00233,Deportes,Sierra,579.27,442.49,158,2025-07-03 14:44:48
PROD00234,SKU-JUG-00234,Producto Juguetes 00234,Juguetes,Nexum,18943.28,9050.84,70,2025-10-18 21:37:35
PROD00235,SKU-LIB-00235,Producto Libros 00235,Libros,Aztek,7450.54,4332.58,328,2025-01-30 10:37:56
PROD00236,SKU-DEP-00236,Producto Deportes 00236,Deportes,Nexum,23089.06,18378.73,227,2025-09-13 07:13:22
PROD00237,SKU-MOD-00237,Producto Moda 00237,Moda,Orion,6989.25,5070.28,20,2026-02-09 13:46:25
PROD00238,SKU-JUG-00238,Producto Juguetes 00238,Juguetes,Kronos,16218.76,11558.99,117,2025-09-15 07:19:31
PROD00239,SKU-AUT-00239,Producto Autos 00239,Autos,Nexum,6094.11,2857.69,469,2025-07-12 21:21:24
PROD00240,SKU-DEP-00240,Producto Deportes 00240,Deportes,Zenda,15221.18,9627.63,93,2025-12-10 14:12:16
PROD00241,SKU-ELE-00241,Producto Electrónica 00241,Electrónica,Zenda,1662.19,788.7,98,2025-02-10 11:20:32
PROD00242,SKU-MOD-00242,Producto Moda 00242,Moda,Aztek,23459.95,11310.41,303,2026-03-03 07:15:05
PROD00243,SKU-DEP-00243,Producto Deportes 00243,Deportes,Nova,5945.94,3562.71,239,2025-08-30 22:05:26
PROD00244,SKU-MOD-00244,Producto Moda 00244,Moda,Aztek,18055.76,10804.67,310,2025-07-13 09:07:35
PROD00245,SKU-BEL-00245,Producto Belleza 00245,Belleza,Zenda,7169.55,5654.65,103,2025-07-31 03:51:08
PROD00246,SKU-LIB-00246,Producto Libros 00246,Libros,Kronos,2046.4,1206.12,85,2026-01-01 14:44:07
PROD00247,SKU-LIB-00247,Producto Libros 00247,Libros,Nexum,10596.3,7493.97,389,2025-05-02 01:47:06
PROD00248,SKU-LIB-00248,Producto Libros 00248,Libros,Zenda,544.29,326.35,42,2025-08-22 04:43:18
PROD00249,SKU-MOD-00249,Producto Moda 00249,Moda,Aztek,13843.66,7476.3,237,2025-08-26 13:24:23
PROD00250,SKU-LIB-00250,Producto Libros 00250,Libros,Nexum,7116.48,4711.88,36,2025-09-16 19:56:04
PROD00251,SKU-MOD-00251,Producto Moda 00251,Moda,Aztek,17885.84,9017.21,97,2025-01-04 05:55:52
PROD00252,SKU-ELE-00252,Producto Electrónica 00252,Electrónica,Orion,21548.3,15167.22,251,2025-11-11 05:27:23
PROD00253,SKU-JUG-00253,Producto Juguetes 00253,Juguetes,Orion,23510.11,13649.99,250,2025-08-28 02:00:34
PROD00254,SKU-HOG-00254,Producto Hogar 00254,Hogar,Nova,10249.25,8172.4,63,2025-10-26 21:40:36
PROD00255,SKU-MOD-00255,Producto Moda 00255,Moda,Zenda,4895.99,3843.27,394,2025-09-28 17:58:39
PROD00256,SKU-LIB-00256,Producto Libros 00256,Libros,Kronos,15892.74,11025.74,333,2025-10-27 07:07:50
PROD00257,SKU-JUG-00257,Producto Juguetes 00257,Juguetes,Aztek,18404.82,11359.53,471,2025-10-08 17:15:02
PROD00258,SKU-ELE-00258,Producto Electrónica 00258,Electrónica,Orion,17451.91,8756.66,309,2025-12-20 18:35:25
PROD00259,SKU-MOD-00259,Producto Moda 00259,Moda,Nexum,6394.49,4171.89,339,2025-05-06 09:13:30
PROD00260,SKU-ELE-00260,Producto Electrónica 00260,Electrónica,Nova,2962.43,2001.24,469,2025-10-26 12:45:39
PROD00261,SKU-JUG-00261,Producto Juguetes 00261,Juguetes,Nova,17666.44,11156.14,96,2025-11-25 12:15:49
PROD00262,SKU-MOD-00262,Producto Moda 00262,Moda,Kronos,20752.25,14363.52,256,2026-02-19 03:35:34
PROD00263,SKU-JUG-00263,Producto Juguetes 00263,Juguetes,Orion,14672.69,8716.5,448,2025-03-11 00:43:15
PROD00264,SKU-HOG-00264,Producto Hogar 00264,Hogar,Sierra,15922.7,11609.83,416,2025-04-21 20:22:19
PROD00265,SKU-BEL-00265,Producto Belleza 00265,Belleza,Orion,18730.82,11037.88,157,2025-01-05 23:40:59
PROD00266,SKU-MOD-00266,Producto Moda 00266,Moda,Nova,20418.91,9880.81,396,2025-11-21 13:05:41
PROD00267,SKU-JUG-00267,Producto Juguetes 00267,Juguetes,Orion,16380.3,9841.81,90,2025-10-19 00:00:29
PROD00268,SKU-MOD-00268,Producto Moda 00268,Moda,Aztek,17615.98,10926.57,257,2025-03-27 14:59:23
PROD00269,SKU-LIB-00269,Producto Libros 00269,Libros,Aztek,14198.95,7312.08,30,2025-05-22 22:19:22
PROD00270,SKU-DEP-00270,Producto Deportes 00270,Deportes,Sierra,6520.83,3867.36,320,2026-05-01 00:03:34
PROD00271,SKU-HOG-00271,Producto Hogar 00271,Hogar,Aztek,21715.63,10378.63,43,2025-10-21 09:22:13
PROD00272,SKU-HOG-00272,Producto Hogar 00272,Hogar,Kronos,6955.22,3202.07,120,2026-01-07 04:38:52
PROD00273,SKU-LIB-00273,Producto Libros 00273,Libros,Nova,16836.47,7632.43,136,2025-01-06 14:42:52
PROD00274,SKU-ELE-00274,Producto Electrónica 00274,Electrónica,Nexum,2466.2,1793.24,192,2026-04-14 08:27:09
PROD00275,SKU-BEL-00275,Producto Belleza 00275,Belleza,Zenda,23306.6,16662.33,309,2025-11-30 13:35:44
PROD00276,SKU-AUT-00276,Producto Autos 00276,Autos,Kronos,9301.09,7439.07,418,2025-07-06 02:24:44
PROD00277,SKU-AUT-00277,Producto Autos 00277,Autos,Zenda,16643.7,11047.81,499,2025-10-04 12:51:57
PROD00278,SKU-AUT-00278,Producto Autos 00278,Autos,Nova,20166.44,12299.95,357,2025-11-09 02:15:02
PROD00279,SKU-MOD-00279,Producto Moda 00279,Moda,Nova,690.73,520.92,143,2025-07-13 01:04:38
PROD00280,SKU-AUT-00280,Producto Autos 00280,Autos,Orion,11325.36,7708.12,243,2026-02-04 22:41:33
PROD00281,SKU-JUG-00281,Producto Juguetes 00281,Juguetes,Nova,16522.7,13138.25,490,2025-09-08 05:56:13
PROD00282,SKU-ELE-00282,Producto Electrónica 00282,Electrónica,Sierra,15862.74,7392.26,413,2025-09-10 20:13:46
PROD00283,SKU-LIB-00283,Producto Libros 00283,Libros,Zenda,5877.29,3467.94,313,2025-03-05 04:49:56
PROD00284,SKU-AUT-00284,Producto Autos 00284,Autos,Zenda,10726.51,8531.92,438,2025-03-20 00:37:49
PROD00285,SKU-JUG-00285,Producto Juguetes 00285,Juguetes,Aztek,7381.88,5161.26,445,2026-02-08 22:31:01
PROD00286,SKU-ELE-00286,Producto Electrónica 00286,Electrónica,Sierra,3240.14,1556.83,426,2026-03-03 05:22:44
PROD00287,SKU-LIB-00287,Producto Libros 00287,Libros,Zenda,4242.92,3327.59,246,2026-02-24 22:46:49
PROD00288,SKU-DEP-00288,Producto Deportes 00288,Deportes,Aztek,6121.73,4368.7,337,2025-03-11 11:07:47
PROD00289,SKU-HOG-00289,Producto Hogar 00289,Hogar,Orion,10900.59,5016.75,475,2025-09-11 14:24:57
PROD00290,SKU-JUG-00290,Producto Juguetes 00290,Juguetes,Aztek,19169.41,13451.39,340,2026-01-05 22:55:07
PROD00291,SKU-HOG-00291,Producto Hogar 00291,Hogar,Nexum,16653.64,11186.95,251,2025-03-12 05:57:23
PROD00292,SKU-AUT-00292,Producto Autos 00292,Autos,Nexum,21804.92,15660.69,307,2025-02-20 05:28:50
PROD00293,SKU-AUT-00293,Producto Autos 00293,Autos,Orion,9456.41,6714.42,371,2025-10-24 10:28:51
PROD00294,SKU-JUG-00294,Producto Juguetes 00294,Juguetes,Aztek,20220.76,10933.02,148,2025-03-10 02:28:48
PROD00295,SKU-HOG-00295,Producto Hogar 00295,Hogar,Orion,2274.03,1494.65,96,2025-04-01 04:22:36
PROD00296,SKU-AUT-00296,Producto Autos 00296,Autos,Kronos,3229.07,2531.35,295,2025-01-02 07:17:21
PROD00297,SKU-BEL-00297,Producto Belleza 00297,Belleza,Nexum,1594.03,823.24,198,2025-11-26 02:18:44
PROD00298,SKU-AUT-00298,Producto Autos 00298,Autos,Sierra,19293.46,13269.19,407,2025-04-09 02:32:23
PROD00299,SKU-DEP-00299,Producto Deportes 00299,Deportes,Nova,2709.32,1729.64,235,2025-09-03 09:17:30
PROD00300,SKU-MOD-00300,Producto Moda 00300,Moda,Kronos,20412.89,15167.3,255,2025-12-21 00:26:22
PROD00301,SKU-MOD-00301,Producto Moda 00301,Moda,Aztek,15056.56,10712.31,434,2025-01-27 16:12:57
PROD00302,SKU-AUT-00302,Producto Autos 00302,Autos,Orion,7756.84,3825.77,434,2026-03-22 19:36:45
PROD00303,SKU-LIB-00303,Producto Libros 00303,Libros,Aztek,15795.37,9844.61,360,2025-10-20 14:21:28
PROD00304,SKU-ELE-00304,Producto Electrónica 00304,Electrónica,Kronos,24529.51,12349.28,366,2025-06-13 14:06:44
PROD00305,SKU-DEP-00305,Producto Deportes 00305,Deportes,Nova,17525.16,13548.79,397,2025-05-20 01:10:44
PROD00306,SKU-LIB-00306,Producto Libros 00306,Libros,Kronos,18198.52,14459.39,337,2025-05-04 15:34:36
PROD00307,SKU-ELE-00307,Producto Electrónica 00307,Electrónica,Kronos,13721.18,8203.25,242,2025-09-28 12:54:57
PROD00308,SKU-JUG-00308,Producto Juguetes 00308,Juguetes,Nexum,9807.02,6907.71,144,2025-06-01 12:46:54
PROD00309,SKU-JUG-00309,Producto Juguetes 00309,Juguetes,Kronos,2478.12,1767.63,297,2025-02-12 00:55:53
PROD00310,SKU-BEL-00310,Producto Belleza 00310,Belleza,Aztek,11465.44,7475.53,226,2026-01-10 17:21:55
PROD00311,SKU-BEL-00311,Producto Belleza 00311,Belleza,Aztek,22435.59,11808.92,383,2025-06-01 23:16:29
PROD00312,SKU-ELE-00312,Producto Electrónica 00312,Electrónica,Sierra,9087.53,5920.42,347,2025-04-25 15:33:54
PROD00313,SKU-JUG-00313,Producto Juguetes 00313,Juguetes,Zenda,23762.43,16343.94,86,2025-02-13 18:05:43
PROD00314,SKU-HOG-00314,Producto Hogar 00314,Hogar,Zenda,8921.82,4575.75,26,2025-04-02 03:30:13
PROD00315,SKU-AUT-00315,Producto Autos 00315,Autos,Aztek,14855.14,9944.63,206,2025-07-10 07:08:59
PROD00316,SKU-ELE-00316,Producto Electrónica 00316,Electrónica,Zenda,3014.12,1871.83,352,2026-04-09 01:08:36
PROD00317,SKU-MOD-00317,Producto Moda 00317,Moda,Zenda,16337.28,11788.12,407,2025-03-11 14:28:22
PROD00318,SKU-LIB-00318,Producto Libros 00318,Libros,Orion,21629.15,12625.7,323,2025-12-12 17:36:22
PROD00319,SKU-AUT-00319,Producto Autos 00319,Autos,Nova,339.48,162.58,250,2026-05-14 04:44:11
PROD00320,SKU-DEP-00320,Producto Deportes 00320,Deportes,Nexum,624.52,496.85,245,2025-08-01 14:36:00
PROD00321,SKU-HOG-00321,Producto Hogar 00321,Hogar,Aztek,19868.88,11611.09,330,2025-12-03 19:56:33
PROD00322,SKU-BEL-00322,Producto Belleza 00322,Belleza,Nova,14307.01,8066.72,365,2026-02-22 11:55:57
PROD00323,SKU-MOD-00323,Producto Moda 00323,Moda,Orion,10163.0,4643.59,284,2026-02-21 15:32:01
PROD00324,SKU-LIB-00324,Producto Libros 00324,Libros,Sierra,1645.09,1076.96,365,2025-04-07 09:11:33
PROD00325,SKU-DEP-00325,Producto Deportes 00325,Deportes,Nova,24143.74,12391.35,306,2025-05-20 18:16:45
PROD00326,SKU-ELE-00326,Producto Electrónica 00326,Electrónica,Sierra,13890.31,7778.62,20,2025-04-11 01:18:14
PROD00327,SKU-DEP-00327,Producto Deportes 00327,Deportes,Nova,16333.38,10565.63,435,2025-01-28 04:32:44
PROD00328,SKU-HOG-00328,Producto Hogar 00328,Hogar,Nexum,24499.21,13584.87,494,2026-02-27 20:51:27
PROD00329,SKU-MOD-00329,Producto Moda 00329,Moda,Orion,10605.13,4772.63,153,2025-02-05 20:36:05
PROD00330,SKU-BEL-00330,Producto Belleza 00330,Belleza,Zenda,16495.98,8230.66,251,2025-09-01 01:33:02
PROD00331,SKU-AUT-00331,Producto Autos 00331,Autos,Nexum,15173.99,7942.73,50,2025-02-04 17:55:52
PROD00332,SKU-DEP-00332,Producto Deportes 00332,Deportes,Aztek,966.51,536.31,426,2025-06-17 03:51:35
PROD00333,SKU-MOD-00333,Producto Moda 00333,Moda,Aztek,15073.5,9905.16,142,2025-04-10 19:15:59
PROD00334,SKU-JUG-00334,Producto Juguetes 00334,Juguetes,Kronos,1905.27,1031.2,332,2025-05-07 20:29:37
PROD00335,SKU-JUG-00335,Producto Juguetes 00335,Juguetes,Kronos,11428.89,7849.18,481,2025-04-22 06:15:38
PROD00336,SKU-DEP-00336,Producto Deportes 00336,Deportes,Orion,1810.42,985.39,324,2026-05-17 10:19:11
PROD00337,SKU-DEP-00337,Producto Deportes 00337,Deportes,Nexum,17875.4,12156.37,420,2026-02-02 05:41:54
PROD00338,SKU-MOD-00338,Producto Moda 00338,Moda,Aztek,10521.18,5899.5,403,2025-12-03 19:23:44
PROD00339,SKU-JUG-00339,Producto Juguetes 00339,Juguetes,Nexum,696.45,373.73,138,2025-04-07 19:06:28
PROD00340,SKU-HOG-00340,Producto Hogar 00340,Hogar,Zenda,17115.28,8097.0,327,2025-03-11 02:35:54
PROD00341,SKU-AUT-00341,Producto Autos 00341,Autos,Sierra,22735.67,12405.46,444,2025-06-25 08:34:24
PROD00342,SKU-BEL-00342,Producto Belleza 00342,Belleza,Zenda,296.09,234.75,113,2025-10-22 02:13:06
PROD00343,SKU-HOG-00343,Producto Hogar 00343,Hogar,Nova,19579.2,10014.88,372,2025-08-27 02:29:52
PROD00344,SKU-LIB-00344,Producto Libros 00344,Libros,Kronos,2433.74,1691.84,443,2025-08-08 00:47:59
PROD00345,SKU-BEL-00345,Producto Belleza 00345,Belleza,Nova,15206.3,7751.59,484,2025-10-30 13:59:12
PROD00346,SKU-MOD-00346,Producto Moda 00346,Moda,Orion,8662.06,5952.86,403,2026-02-17 23:16:24
PROD00347,SKU-JUG-00347,Producto Juguetes 00347,Juguetes,Aztek,11947.7,6459.78,351,2026-02-03 21:33:11
PROD00348,SKU-MOD-00348,Producto Moda 00348,Moda,Aztek,16456.2,9587.06,376,2025-07-27 16:08:10
PROD00349,SKU-ELE-00349,Producto Electrónica 00349,Electrónica,Orion,22965.12,18167.13,362,2025-07-13 11:46:38
PROD00350,SKU-JUG-00350,Producto Juguetes 00350,Juguetes,Aztek,17684.33,10674.9,181,2025-12-31 00:33:50
